item,link
Marquis by Waterford Brookside 12-Ounce Double Old Fashion Glasses Set of 4,http://www.amazon.com/Marquis-Waterford-Brookside-12-Ounce-Fashion/dp/B002BSH3C2/ref=sr_1_1?s=electronics&ie=UTF8&qid=1449155423&sr=8-1&keywords=Marquis+by+Waterford+Brookside+12-Ounce+Double+Old+Fashion+Glasses
Quilted Northern Ultra Plush Bath Tissue 48 Double Rolls,http://www.amazon.com/Quilted-Northern-Ultra-Tissue-Double/dp/B007UZNS5W/ref=sr_1_2?ie=UTF8&qid=1449181957&sr=8-2&keywords=Quilted+Northern+Ultra+Plush+Bath+Tissue%2C+48+Double+Rolls
GreenWorks 21212 4Amp 13-Inch Corded String Trimmer,http://www.amazon.com/GreenWorks-21212-13-Inch-Corded-Trimmer/dp/B0030GEXUO/ref=sr_1_1?ie=UTF8&qid=1449182163&sr=8-1&keywords=GreenWorks+21212+4Amp+13-Inch+Corded+String+Trimmer
Aylio Coccyx Orthopedic Comfort Foam Seat Cushion (Gray),http://www.amazon.com/Aylio-Coccyx-Orthopedic-Comfort-Cushion/dp/B00AE9V3WQ/ref=sr_1_1?ie=UTF8&qid=1449182255&sr=8-1&keywords=Aylio+Coccyx+Orthopedic+Comfort+Foam+Seat+Cushion+%28Gray%29
Joseph Joseph 6-Piece Kitchen Utensil Set with Storage Carousel Elevate Multi-color,http://www.amazon.com/Joseph-6-Piece-Kitchen-Carousel-Multi-color/dp/B004OW92WC/ref=sr_1_1?ie=UTF8&qid=1449182323&sr=8-1&keywords=Joseph+Joseph+6-Piece+Kitchen+Utensil+Set+with+Storage+Carousel%2C+Elevate%2C+Multi-color
"Kingston Brass K136A5 Designer Trimscape Showerscape 8"" Round Shower Head Oil Rubbed Bronze",http://www.amazon.com/Kingston-Brass-K136A5-Trimscape-Showerscape/dp/B00271F1O0/ref=sr_1_1?ie=UTF8&qid=1449182386&sr=8-1&keywords=Kingston+Brass+K136A5+Designer+Trimscape+Showerscape+8%22+Round+Shower+Head%2C+Oil+Rubbed+Bronze
Club Champ Golf Bag Travel Cover,http://www.amazon.com/Club-Champ-Golf-Travel-Cover/dp/B000UIPP3O/ref=sr_1_1?ie=UTF8&qid=1449182570&sr=8-1&keywords=Club+Champ+Golf+Bag+Travel+Cover
Cook N Home NC-00358 Nonstick Ceramic Coating 10-Piece Cookware Set Green,http://www.amazon.com/Cook-Home-NC-00358-Nonstick-10-Piece/dp/B00FM9QZXA/ref=sr_1_1?ie=UTF8&qid=1449182685&sr=8-1&keywords=Cook+N+Home+NC-00358+Nonstick+Ceramic+Coating+10-Piece+Cookware+Set%2C+Green
BISSELL Zing Bagless Canister Vacuum Caribbean Blue,http://www.amazon.com/BISSELL-Bagless-Canister-Vacuum-Caribbean/dp/B00AZBIXHG/ref=sr_1_1?ie=UTF8&qid=1449182768&sr=8-1&keywords=BISSELL+Zing+Bagless+Canister+Vacuum%2C+Caribbean+Blue
Weber 7552 Premium Cover Fits Weber Genesis Silver/Gold Gas Grills,http://www.amazon.com/Weber-7552-Premium-Genesis-Silver/dp/B000WEMG2O/ref=sr_1_1?ie=UTF8&qid=1449182828&sr=8-1&keywords=Weber+7552+Premium+Cover%2C+Fits+Weber+Genesis+Silver%2FGold+Gas+Grills
Glasslock 18-Piece Assorted Oven Safe Container Set,http://www.amazon.com/Glasslock-18-Piece-Assorted-Oven-Container/dp/B00LN810PM/ref=sr_1_1?ie=UTF8&qid=1449182966&sr=8-1&keywords=Glasslock+18-Piece+Assorted+Oven+Safe+Container+Set
Hamilton Beach 67601A Big Mouth Juice Extractor Black,http://www.amazon.com/Hamilton-Beach-67601A-Mouth-Extractor/dp/B00E0IBKLQ/ref=sr_1_1?ie=UTF8&qid=1449183133&sr=8-1&keywords=Hamilton+Beach+67601A+Big+Mouth+Juice+Extractor%2C+Black
Flowtron BK-15D Electronic Insect Killer 1/2 Acre Coverage,http://www.amazon.com/Flowtron-BK-15D-Electronic-Insect-Coverage/dp/B00004R9VZ/ref=sr_1_1?ie=UTF8&qid=1449183186&sr=8-1&keywords=Flowtron+BK-15D+Electronic+Insect+Killer%2C+1%2F2+Acre+Coverage
Wooden Train Track 100 Piece Pack - 100% Compatible with All Major Brands including Thomas Wooden Railway System,http://www.amazon.com/Wooden-Train-Track-Piece-Pack/dp/B005AW0RNS/ref=sr_1_2?ie=UTF8&qid=1449183255&sr=8-2&keywords=Wooden+Train+Track+100+Piece+Pack+-+100%25+Compatible+with+All+Major+Brands+including+Thomas+Wooden+Railway+System
T-fal C97107 Excite Nonstick Thermo-Spot Dishwasher Safe Oven Safe Fry Pan Cookware 12-Inch Orange,http://www.amazon.com/T-fal-Nonstick-Thermo-Spot-Dishwasher-Cookware/dp/B00KHTP9OQ/ref=sr_1_1?ie=UTF8&qid=1449183316&sr=8-1&keywords=T-fal+C97107+Excite+Nonstick+Thermo-Spot+Dishwasher+Safe+Oven+Safe+Fry+Pan+Cookware%2C+12-Inch%2C+Orange
Suncast DH250 Dog House,http://www.amazon.com/Suncast-DH250-Dog-House/dp/B000QJ9EU2/ref=sr_1_1?ie=UTF8&qid=1449183373&sr=8-1&keywords=Suncast+DH250+Dog+House
Household Essentials Tabletop Sleeve Ironing Board with Steel Top,http://www.amazon.com/Household-Essentials-Tabletop-Sleeve-Ironing/dp/B000CE9RBC/ref=sr_1_1?ie=UTF8&qid=1449183430&sr=8-1&keywords=Household+Essentials+Tabletop+Sleeve+Ironing+Board+with+Steel+Top
Bolle Carve Snow Goggles Black,http://www.amazon.com/Bolle-Carve-Goggles-Black-Vermillon/dp/B00861ULAE/ref=sr_1_1?ie=UTF8&qid=1449183553&sr=8-1&keywords=Bolle+Carve+Snow+Goggles+Black
MSA Safety Works NFL Hard Hat Green Bay Packers,http://www.amazon.com/Safety-Works-Hard-Green-Packers/dp/B000GFW73C/ref=sr_1_1?ie=UTF8&qid=1449183617&sr=8-1&keywords=MSA+Safety+Works+NFL+Hard+Hat%2C+Green+Bay+Packers
Master Lock 265DCCSEN Dual-Function Security Bar,http://www.amazon.com/Master-Lock-265DCCSEN-Dual-Function-Security/dp/B0002YUX8I/ref=sr_1_1?ie=UTF8&qid=1449183678&sr=8-1&keywords=Master+Lock+265DCCSEN+Dual-Function+Security+Bar
Pyle Laptop Projector Stand Heavy Duty Tripod Height Adjustable 16'' To 28' For DJ Presentations Notebook Computer,http://www.amazon.com/Projector-Adjustable-Presentations-Notebook-Computer/dp/B003GEJ5PI/ref=sr_1_1?ie=UTF8&qid=1449183727&sr=8-1&keywords=Pyle+Laptop+Projector+Stand%2C+Heavy+Duty+Tripod+Height+Adjustable+16%27%27+To+28%27+For+DJ+Presentations+Notebook+Computer
"Black Hole Archery Target 18""",http://www.amazon.com/Black-Hole-Archery-Target-18/dp/B00806A4PM/ref=sr_1_1?ie=UTF8&qid=1449268685&sr=8-1&keywords=Black+Hole+Archery+Target+18%22
Fox Run Brands White Marble Rolling Pin with Wood Base,http://www.amazon.com/Fox-Run-Brands-Marble-Rolling/dp/B0000VLPAS/ref=sr_1_1?ie=UTF8&qid=1449268741&sr=8-1&keywords=Fox+Run+Brands+White+Marble+Rolling+Pin+with+Wood+Base
iPerfect Kitchen 56 Stainless Steel Blades Meat Tenderizer with Cleaning Brush - Set of 1 - Black,http://www.amazon.com/iPerfect-Kitchen-Stainless-Tenderizer-Cleaning/dp/B00VM6RR3O/ref=sr_1_1?ie=UTF8&qid=1449268810&sr=8-1&keywords=iPerfect+Kitchen+56+Stainless+Steel+Blades+Meat+Tenderizer+with+Cleaning+Brush+-+Set+of+1+-+Black
Fisher-Price Little People A Christmas Story,http://www.amazon.com/Fisher-Price-Little-People-Christmas-Story/dp/B000067R86/ref=sr_1_1?ie=UTF8&qid=1449268862&sr=8-1&keywords=Fisher-Price+Little+People+A+Christmas+Story
Apollo Precision Tools DT9408 Household Tool Kit 53-Piece,http://www.amazon.com/Apollo-Precision-Tools-DT9408-Household/dp/B000IBL1W2/ref=sr_1_1?ie=UTF8&qid=1449268942&sr=8-1&keywords=Apollo+Precision+Tools+DT9408+Household+Tool+Kit%2C+53-Piece
Marpac DOHM-DS Natural White Noise (actual fan inside) Sound Machine Tan,http://www.amazon.com/Marpac-DOHM-DS-Natural-actual-Machine/dp/B000KUHFGM/ref=sr_1_1?ie=UTF8&qid=1449269011&sr=8-1&keywords=Marpac+DOHM-DS%2C+Natural+White+Noise+%28actual+fan+inside%29+Sound+Machine%2C+Tan
Deflect-O RSMVT Slow Moving Vehicle Reflective Triangle,http://www.amazon.com/Deflect-O-RSMVT-Vehicle-Reflective-Triangle/dp/B000OQTFN8/ref=sr_1_1?ie=UTF8&qid=1449269072&sr=8-1&keywords=Deflect-O+RSMVT+Slow+Moving+Vehicle+Reflective+Triangle
Fjallraven Kanken Daypack Color: UN Navy,http://www.amazon.com/Fjallraven-Kanken-Daypack-Blue-Navy/dp/B00DW5XYHG/ref=sr_1_1?ie=UTF8&qid=1449269211&sr=8-1&keywords=Fjallraven+Kanken+Daypack+color%3A+UN+Navy
Songmics 7 Tiers Shoe Rack Closet with Fabric Cover Portable Shoe Storage Organizer Cabinet Dark Brown URXJ12Z,http://www.amazon.com/Songmics-Portable-Storage-Organizer-URXJ12Z/dp/B00U5KSTPS/ref=sr_1_1?ie=UTF8&qid=1449269305&sr=8-1&keywords=Songmics+7+Tiers+Shoe+Rack+Closet+with+Fabric+Cover+Portable+Shoe+Storage+Organizer+Cabinet+Dark+Brown+URXJ12Z
Little Giant 25 Lb Chow Hound Galvanized Dog Feeder CH25,http://www.amazon.com/Little-Giant25-Galvanized-Feeder-CH25/dp/B000FK03LQ/ref=sr_1_1?ie=UTF8&qid=1449269353&sr=8-1&keywords=Little+Giant+25+Lb+Chow+Hound+Galvanized+Dog+Feeder+CH25
Zwipes Microfiber Cleaning Cloths (36-Pack) Assorted Colors,http://www.amazon.com/Zwipes-Microfiber-Cleaning-36-Pack-Assorted/dp/B000XECJES/ref=sr_1_1?ie=UTF8&qid=1449269576&sr=8-1&keywords=Zwipes+Microfiber+Cleaning+Cloths+%2836-Pack%29+Assorted+Colors
Merry Garden Interchangeable Picnic Table and Garden Bench,http://www.amazon.com/Merry-Garden-Interchangeable-Picnic-Table/dp/B000MITWM2/ref=sr_1_1?ie=UTF8&qid=1449269633&sr=8-1&keywords=Merry+Garden+Interchangeable+Picnic+Table+and+Garden+Bench
Picnic Time Piccadilly 16-Inch Double-Lid Picnic Basket with Service for 2,http://www.amazon.com/Picnic-Time-Piccadilly-16-Inch-Double-Lid/dp/B0034A4NYW/ref=sr_1_1?ie=UTF8&qid=1449269675&sr=8-1&keywords=Picnic+Time+Piccadilly+16-Inch+Double-Lid+Picnic+Basket+with+Service+for+2
NASCAR CHECKERED 3 X 5 BANNER FLAG,http://www.amazon.com/NASCAR-Checkered-Foot-Flag-Grommets/dp/B0016DE038/ref=sr_1_1?ie=UTF8&qid=1449269722&sr=8-1&keywords=NASCAR+CHECKERED+3+X+5+BANNER+FLAG
HyLoft Model 01012 Tire-Loft Multi Tire Storage System 48-Inch wide by 36-Inch Deep,http://www.amazon.com/HyLoft-01012-Tire-Loft-Storage-48-Inch/dp/B0045EQ02O/ref=sr_1_1?ie=UTF8&qid=1449269768&sr=8-1&keywords=HyLoft+Model+01012+Tire-Loft+Multi+Tire+Storage+System%2C+48-Inch+wide+by+36-Inch+Deep
adidas Performance Finale Berlin Capitano Soccer Ball Color: Yellow,http://www.amazon.com/adidas-Performance-Finale-Berlin-Capitano/dp/B00SI2BBOG/ref=sr_1_1?ie=UTF8&qid=1449269879&sr=8-1&keywords=adidas+Performance+Finale+Berlin+Capitano+Soccer+Ball+Color%3A+Yellow
Family Doctor (14) Essential Oil Set 100% Pure Best Therapeutic Grade - 14/10mL (Aromatherapy Kit Physician Series Makes Great Gift Includes: Breathe Eucalyptus Health Shield Frankincense Good Night Head Ease French Lavender Muscle Relief Sweet Orange Peppermint Pharma Grade Relaxation Rosemary Stress Relief and Tea Tree,http://www.amazon.com/Family-Doctor-Essential-Therapeutic-Grade/dp/B00SA5UZ0C/ref=sr_1_1?ie=UTF8&qid=1449269968&sr=8-1&keywords=Family+Doctor+%2814%29+Essential+Oil+Set+100%25+Pure%2C+Best+Therapeutic+Grade+-+14%2F10mL+%28Aromatherapy+Kit+Physician+Series+Makes+Great+Gift+Includes%3A+Breathe%2C+Eucalyptus%2C+Health+Shield%2C+Frankincense%2C+Good+Night%2C+Head+Ease%2C+French+Lavender%2C+Muscle+Relief%2C+Sweet+Orange%2C+Peppermint+Pharma+Grade%2C+Relaxation%2C+Rosemary%2C+Stress+Relief%2C+and+Tea+Tree
Complete OEM Set of Sylvania 1500 watt EdenPURE GEN4 & USA1000 Bulb Kit Complete. AirnMore is a recognized service center,http://www.amazon.com/Complete-Set-EdenPURE-Complete-recognized/dp/B00EOCB6GW/ref=sr_1_1?ie=UTF8&qid=1449270255&sr=8-1&keywords=Complete+OEM+Set+of+Sylvania+1500+watt+EdenPURE+GEN4+%26+USA1000+Bulb+Kit+Complete.+AirnMore+is+a+recognized+service+center
Safco Products 5206BL Under Desk Printer/Machine Stand Black,http://www.amazon.com/Safco-Products-5206BL-Printer-Machine/dp/B001MS6WMO/ref=sr_1_1?ie=UTF8&qid=1449270307&sr=8-1&keywords=Safco+Products+5206BL+Under+Desk+Printer%2FMachine+Stand%2C+Black
T-fal C96807 Excite Nonstick Thermo-Spot Dishwasher Safe Oven Safe Fry Pan Cookware 11.5-Inch Green,http://www.amazon.com/T-fal-Nonstick-Thermo-Spot-Dishwasher-Cookware/dp/B00KHTOSPW/ref=sr_1_1?ie=UTF8&qid=1449270371&sr=8-1&keywords=T-fal+C96807+Excite+Nonstick+Thermo-Spot+Dishwasher+Safe+Oven+Safe+Fry+Pan+Cookware%2C+11.5-Inch%2C+Green
Cooler Master Comforter - Laptop Lap Desk with Pillow Cushion - Black (C-HS02-KA),http://www.amazon.com/Cooler-Master-Comforter-Cushion-C-HS02-KA/dp/B003XNB7U8/ref=sr_1_1?ie=UTF8&qid=1449270445&sr=8-1&keywords=Cooler+Master+Comforter+-+Laptop+Lap+Desk+with+Pillow+Cushion+-+Black+%28C-HS02-KA%29
9-tile Multi-color Exercise Mat Solid Foam EVA Playmat Kids Safety Play Floor by Poco Divo,http://www.amazon.com/POCO-DIVO-Multi-color-Exercise-Playmat/dp/B00PZZFABE/ref=sr_1_1?ie=UTF8&qid=1449270490&sr=8-1&keywords=9-tile+Multi-color+Exercise+Mat+Solid+Foam+EVA+Playmat+Kids+Safety+Play+Floor+by+Poco+Divo
Fjallraven Kanken Daypack Color: Graphite/UN Blue,http://www.amazon.com/Fjallraven-Kanken-Daypack-Graphite-Blue/dp/B00BIJNHS4/ref=sr_1_1?ie=UTF8&qid=1449595967&sr=8-1&keywords=Fjallraven+Kanken+Daypack+graphite+UN+Blue
Carrom Game Board Large,http://www.amazon.com/Carrom-2850XXXX-Game-Board-Large/dp/B00003G4JR/ref=sr_1_1?ie=UTF8&qid=1449271176&sr=8-1&keywords=Carrom+Game+Board+Large
Elegance Linen Quilted Pet Dog Children Kids Furniture Protector Microfiber Slip Cover Chair Navy Blue,http://www.amazon.com/Elegance-Linen-Microfiber-Navy-Blue/dp/B00HA1KH28/ref=sr_1_1?ie=UTF8&qid=1449271231&sr=8-1&keywords=Elegance+Linen+Quilted+Pet+Dog+Children+Kids+Furniture+Protector+Microfiber+Slip+Cover+Chair%2C+Navy+Blue
Breyer Stablemates Red Stable Set,http://www.amazon.com/Breyer-Stablemates-Red-Stable-Set/dp/B000038A8C/ref=sr_1_1?ie=UTF8&qid=1449271334&sr=8-1&keywords=Breyer+Stablemates+Red+Stable+Set
DuneCraft Dome Terrariums - Herbs,http://www.amazon.com/DuneCraft-CH-0007-Dome-Terrariums-Herbs/dp/B001CATTEA/ref=sr_1_1?ie=UTF8&qid=1449271409&sr=8-1&keywords=DuneCraft+Dome+Terrariums+-+Herbs
Blue Sky Outdoor Mosquito Traveler Hammock with Free Tree Straps Green,http://www.amazon.com/Blue-Sky-Outdoor-Mosquito-Traveler/dp/B00F5Y2TUK/ref=sr_1_1?ie=UTF8&qid=1449271459&sr=8-1&keywords=Blue+Sky+Outdoor+Mosquito+Traveler+Hammock+with+Free+Tree+Straps%2C+Green
X-Acto Model KS Table- or Wall-Mount Pencil Sharpener (1031),http://www.amazon.com/X-Acto-Table--Wall-Mount-Pencil-Sharpener/dp/B00006IEDY/ref=sr_1_1?ie=UTF8&qid=1449271518&sr=8-1&keywords=X-Acto+Model+KS+Table-+or+Wall-Mount+Pencil+Sharpener+%281031%29
Plano Protector Compact Bow Case (Black),http://www.amazon.com/Plano-Protector-Compact-Case-Black/dp/B000P40UJC/ref=sr_1_1?ie=UTF8&qid=1449271572&sr=8-1&keywords=Plano+Protector+Compact+Bow+Case+%28Black%29
Salt & Pepper Mill Set 2 in 1 - Salt and Pepper Grinder Set with Adjustable Ceramic Grinding Mechanism - Premium Quality Stainless Steel,http://www.amazon.com/Salt-Pepper-Mill-Set-Adjustable/dp/B00TQ8520K/ref=sr_1_2?ie=UTF8&qid=1449271695&sr=8-2&keywords=Salt+%26+Pepper+Mill+Set+2+in+1+-+Salt+and+Pepper+Grinder+Set+with+Adjustable+Ceramic+Grinding+Mechanism+-+Premium+Quality+Stainless+Steel
Glad ForceFlex Extra Strong Outdoor Drawstring Large Trash Bags 30 Gallon 50 Bags,http://www.amazon.com/Glad-ForceFlex-Strong-Outdoor-Drawstring/dp/B00AQIULD2/ref=sr_1_1?ie=UTF8&qid=1449271769&sr=8-1&keywords=Glad+ForceFlex+Extra+Strong+Outdoor+Drawstring+Large+Trash+Bags%2C+30+Gallon%2C+50+Bags
Solvit Front Seat Net Pet Barrier,http://www.amazon.com/Solvit-Front-Seat-Net-Barrier/dp/B003F76Y7I/ref=sr_1_1?ie=UTF8&qid=1449271840&sr=8-1&keywords=Solvit+Front+Seat+Net+Pet+Barrier
Fjallraven Kanken Daypack Color: Burnt Orange,http://www.amazon.com/Fjallraven-Kanken-Daypack-Burnt-Orange/dp/B00M7QJ0SI/ref=sr_1_fkmr0_1?ie=UTF8&qid=1449271979&sr=8-1-fkmr0&keywords=Fjallraven+Kanken+Daypack++Color%3A+Burnt+Orange
Willow Tree Shepherd and Stable Animals,http://www.amazon.com/Willow-Tree-Shepherd-Stable-Animals/dp/B000OS1K52/ref=sr_1_1?ie=UTF8&qid=1449272052&sr=8-1&keywords=Willow+Tree+Shepherd+and+Stable+Animals
Malone Auto Racks SlingTwo Double Kayak Storage System,http://www.amazon.com/Malone-SlingTwo-Double-Storage-System/dp/B00IHQHQ4W/ref=sr_1_1?ie=UTF8&qid=1449272118&sr=8-1&keywords=Malone+Auto+Racks+SlingTwo+Double+Kayak+Storage+System
Air Swimmers Remote Control Flying Shark,http://www.amazon.com/Swimmers-Remote-Control-Flying-Shark/dp/B005FYEAJ8/ref=sr_1_1?ie=UTF8&qid=1449272168&sr=8-1&keywords=Air+Swimmers+Remote+Control+Flying+Shark
Fjallraven Kanken Daypack Color: Peach Pink,http://www.amazon.com/Fjallraven-Kanken-Daypack-Peach-Pink/dp/B007197NEY/ref=sr_1_fkmr0_1?ie=UTF8&qid=1449272283&sr=8-1-fkmr0&keywords=Fjallraven+Kanken+Daypack++Color%3A+Peach+Pink
iLive iKB333S Under Cabinet Radio with Bluetooth Speakers (Silver),http://www.amazon.com/iLive-iKB333S-Cabinet-Bluetooth-Speakers/dp/B00BCSYZSW/ref=sr_1_1?ie=UTF8&qid=1449272341&sr=8-1&keywords=iLive+iKB333S+Under+Cabinet+Radio+with+Bluetooth+Speakers+%28Silver%29
Hynes Eagle Cute Emoji Backpack Cool Kids School Backpack Color: Black,http://www.amazon.com/Hynes-Eagle-Emoji-School-Backpack/dp/B00NBUH23Y/ref=sr_1_fkmr0_1?ie=UTF8&qid=1449272426&sr=8-1-fkmr0&keywords=Hynes+Eagle+Cute+Emoji+Backpack+Cool+Kids+School+Backpack+Color%3A+Black
Fjallraven Kanken Daypack Color: Cafe mint,http://www.amazon.com/Fjallraven-Kanken-Daypack-Caf%C3%A9-Mint/dp/B00I0HZQ7W/ref=sr_1_1?ie=UTF8&qid=1449271913&sr=8-1&keywords=Fjallraven+Kanken+Daypack++Color%3A+Caf%C3%A9+mint
TMSï¾® Adjustable Leather Padded Piano Keyboard Bench Seat with Rubber Feet Stool Chair,http://www.amazon.com/Adjustable-Leather-Padded-Keyboard-Rubber/dp/B00KIXQDMS/ref=sr_1_1?ie=UTF8&qid=1449589466&sr=8-1&keywords=TMS%C2%AE+Adjustable+Leather+Padded+Piano+Keyboard+Bench+Seat+w%2F+Rubber+Feet+Stool+Chair
